{"cameraMode":{"drawMode":0,"name":"Shaded","section":"Shading Mode"},"sceneLighting":false,"audioPlay":false,"sceneViewState":{"m_AlwaysRefresh":false,"showFog":true,"showSkybox":false,"showFlares":true,"showImageEffects":true,"showParticleSystems":true,"showVisualEffectGraphs":true,"m_FxEnabled":true},"in2DMode":false,"pivot":{"x":1.9900000095367432,"y":0.1212826520204544,"z":9.119999885559082},"rotation":{"x":0.6451640129089356,"y":-0.014895923435688019,"z":0.012582260183990002,"w":0.7637962698936462},"size":0.7486580610275269,"orthographic":false}